{
  "project_info": {
    "project_number": "530286876886",
    "project_id": "twitchstreamtracker-6e480",
    "storage_bucket": "twitchstreamtracker-6e480.firebasestorage.app"
  },
  "client": [
    {
      "client_info": {
        "mobilesdk_app_id": "1:530286876886:android:c6a6e6e617a8b843e41177",
        "android_client_info": {
          "package_name": "com.deafpuma.twitchaffiliatetracker"
        }
      },
      "oauth_client": [],
      "api_key": [
        {
          "current_key": "AIzaSyD1vMesgkVFB-v097e0y4JWHhkXLIjJsZ8"
        }
      ],
      "services": {
        "appinvite_service": {
          "other_platform_oauth_client": []
        }
      }
    }
  ],
  "configuration_version": "1"
}